{"cameraMode":{"drawMode":0,"name":"Shaded","section":"Shading Mode"},"sceneLighting":true,"audioPlay":false,"sceneViewState":{"m_AlwaysRefresh":false,"showFog":true,"showSkybox":true,"showFlares":true,"showImageEffects":true,"showParticleSystems":true,"showVisualEffectGraphs":true,"m_FxEnabled":true},"in2DMode":false,"pivot":{"x":-10.019721031188965,"y":6.806157112121582,"z":1.0287946462631226},"rotation":{"x":0.20191526412963868,"y":0.5681875348091126,"z":-0.1462932825088501,"w":0.7842161655426025},"size":2.1239662170410158,"orthographic":false}